Лидия Родионова;(978)314-01-79
Матвей Лапин;(972)548-46-52
Ольга Медведева;(927)042-67-79
Любовь Виноградова;(906)068-81-44
Герман Щукин;(955)025-23-76
Алевтина Дорофеева;(993)859-43-52
Таисия Фролова;(952)563-10-94
Антонина Фомичева;(945)007-37-50
Борис Субботин;(921)651-96-80
Анастасия Григорьева;(973)148-20-02
Ангелина Зуева;(963)721-38-35
Татьяна Лазарева;(949)963-87-93
Надежда Петрова;(911)459-15-32
Валерий Калинин;(911)099-92-03
Вячеслав Кулаков;(959)565-41-69
Дарья Зимина;(949)247-76-26
Игнатий Воронов;(947)411-56-86
Ирина Гаврилова;(937)458-72-86
Анжелика Терентьева;(958)191-81-30
Денис Максимов;(910)279-60-74
Ярослав Калашников;(945)912-41-79
Антон Трофимов;(971)460-60-35
Александра Алексеева;(926)475-21-89
Елизавета Громова;(903)670-47-80
Борис Рябов;(995)104-68-94
Виктор Кузнецов;(944)340-80-64
Макар Петухов;(917)702-42-84
Раиса Мишина;(907)222-60-67
Григорий Харитонов;(930)266-36-78
Алина Козлова;(937)782-74-15
Мария Матвеева;(996)346-34-26
Арсений Мамонтов;(986)478-19-02
Егор Мишин;(907)722-73-68
Оксана Крюкова;(901)889-56-78
Борис Куликов;(974)995-07-61
Клавдия Ершова;(999)136-39-97
Григорий Чернов;(939)120-89-21
Надежда Матвеева;(923)580-15-04
Нина Беляева;(911)876-43-14
Геннадий Ермаков;(964)494-48-12
Александра Осипова;(998)792-65-84
Ангелина Зиновьева;(950)049-21-94
Геннадий Князев;(910)692-33-33
Арсений Жуков;(905)500-96-97
Римма Михайлова;(952)637-16-78
Валентина Маркова;(988)117-79-37
Алина Ковалева;(948)715-53-68
Илья Кононов;(958)631-53-32
Лаврентий Нестеров;(932)428-25-99
Андрей Орлов;(906)652-14-71
Лаврентий Лыткин;(971)380-49-24
Макар Власов;(932)652-82-42
Татьяна Баранова;(944)789-10-28
Андрей Некрасов;(901)786-83-84
Герман Зыков;(900)906-77-77
Валентина Ефремова;(979)446-17-12
Борис Якушев;(933)688-16-71
Вадим Гришин;(920)820-25-55
Андрей Королев;(978)806-08-50
Леонид Федоров;(946)607-81-88
Никита Виноградов;(901)441-87-96
Геннадий Волков;(942)162-46-34
Виталий Осипов;(929)981-37-54
Алевтина Уварова;(971)888-38-23
Ольга Гаврилова;(917)704-52-08
Макар Блинов;(915)171-48-40
Нина Евсеева;(979)147-30-46
Леонид Рябов;(904)021-82-74
Николай Ильин;(952)299-30-59
Владислав Белоусов;(983)891-44-47
Николай Шестаков;(970)728-31-75
Римма Блинова;(997)522-87-38
Вадим Богданов;(909)656-90-38
Алёна Лукина;(999)023-58-70
Алёна Маркова;(934)072-06-22
Валентин Артемьев;(994)211-59-41
Кира Кононова;(954)916-19-08
Григорий Панфилов;(965)488-11-63
Алина Дементьева;(976)209-06-03
Анна Шилова;(999)225-96-94
Алексей Поляков;(988)225-21-60
Вероника Борисова;(916)426-09-38
Олег Гусев;(911)615-70-14
Степан Красильников;(934)075-96-55
Маргарита Самсонова;(988)978-83-64
Анастасия Михеева;(908)860-52-59
Ярослав Рыбаков;(925)684-64-77
Артём Сысоев;(989)965-80-50
Юлия Беляева;(986)481-38-60
Вера Вишнякова;(961)627-44-94
Антон Куликов;(906)363-92-72
Игнатий Панов;(991)034-97-06
Антонина Филатова;(971)075-80-62
Таисия Степанова;(994)310-36-71
Фёдор Копылов;(976)108-82-40
Виктор Сидоров;(910)217-09-50
Алевтина Самойлова;(970)978-14-31
Артём Лобанов;(909)664-11-67
Вера Александрова;(926)727-08-76
Алексей Андреев;(922)222-14-95
Людмила Антонова;(994)063-29-29
Ярослав Кабанов;(935)364-63-84
Александра Баранова;(901)771-09-88
Алексей Коновалов;(994)722-04-95
Наталья Сысоева;(902)238-59-62
Валерий Поляков;(973)920-75-26
Илья Ширяев;(939)058-44-00
Егор Селезнев;(931)236-30-24
Марина Кулакова;(919)557-65-30
Валерия Новикова;(930)734-52-01
Мария Самсонова;(975)580-60-60
Алла Васильева;(987)590-56-42
Людмила Сидорова;(908)543-28-57
Антонина Русакова;(945)828-05-89
Дарья Сысоева;(964)797-25-17
Галина Дорофеева;(990)319-58-11
Николай Зыков;(999)628-98-56
Егор Степанов;(973)029-68-24
Константин Потапов;(904)124-33-35
Вероника Носова;(984)997-11-68
Аркадий Лазарев;(909)632-31-30
Виталий Пахомов;(936)468-64-05
Галина Родионова;(919)216-21-89
София Дроздова;(957)869-56-37
Раиса Селезнева;(942)803-95-19
Варвара Силина;(959)888-24-22
Фёдор Матвеев;(975)303-25-68
Анфиса Брагина;(909)597-44-77
Аркадий Фокин;(928)230-57-43
Леонид Гордеев;(917)164-58-21
Алёна Белова;(922)961-43-82
Сергей Дмитриев;(964)144-19-82
Арсений Жданов;(925)626-95-60
Герман Гурьев;(947)211-67-01
Екатерина Мельникова;(945)117-02-98
Нина Чернова;(927)563-87-99
Илья Романов;(984)092-08-51
Алла Мельникова;(987)886-37-13
Маргарита Ершова;(940)176-40-06
Максим Мясников;(938)579-48-60
Елизавета Зиновьева;(914)750-16-37
Любовь Виноградова;(900)969-39-49
Ульяна Комарова;(907)613-38-95
Ольга Павлова;(936)606-54-97
Надежда Колобова;(996)003-78-84
Вероника Александрова;(946)270-99-02
Леонид Горбунов;(955)847-39-45
Валерий Анисимов;(973)234-31-76
Ульяна Зуева;(909)996-97-84
Юрий Устинов;(960)842-93-93
Валентин Беляков;(926)890-85-89
Анжелика Одинцова;(975)241-69-82
Кира Пестова;(963)371-96-61
Марина Артемьева;(930)922-20-12
Игнатий Лебедев;(919)169-07-09
Альберт Егоров;(924)336-52-13
Иван Ермаков;(904)696-74-33
Анастасия Зайцева;(954)934-18-06
Антонина Мухина;(939)118-08-51
Илья Ларионов;(928)850-21-31
Любовь Кузьмина;(967)983-23-44
Игорь Филиппов;(947)209-82-65
Максим Дроздов;(955)388-07-81
Владимир Лапин;(965)354-66-72
Василиса Тетерина;(903)174-58-65
Эдуард Сергеев;(918)790-23-41
Степан Мясников;(957)324-50-37
Жанна Ковалева;(960)013-48-18
Сергей Михеев;(987)562-38-09
Елена Сысоева;(982)452-83-75
Альберт Журавлев;(979)739-02-87
Альберт Кононов;(969)657-66-41
Герман Субботин;(989)687-34-28
Надежда Кошелева;(997)731-70-23
Денис Гущин;(915)745-49-61
Евгения Комиссарова;(925)616-91-09
Александра Журавлева;(969)717-45-50
Татьяна Шестакова;(989)248-24-94
Татьяна Орлова;(981)072-44-52
Матвей Панов;(928)262-32-95
Сергей Петухов;(906)310-40-56
Леонид Зиновьев;(924)429-27-20
Мария Петухова;(908)356-81-03
Валентина Матвеева;(903)743-65-77
Егор Жуков;(964)331-66-42
Александра Куликова;(905)200-19-49
Георгий Васильев;(907)132-73-56
Денис Герасимов;(974)683-91-10
Константин Степанов;(904)258-56-88
Анатолий Третьяков;(971)583-77-95
Кира Бурова;(952)766-74-00
Евгений Фокин;(907)128-58-37
Владимир Игнатов;(949)197-11-23
Маргарита Большакова;(998)811-70-92
Даниил Жуков;(954)461-66-68
Аркадий Афанасьев;(904)276-04-74
София Сазонова;(912)079-87-97
Андрей Рябов;(922)305-85-54
Михаил Брагин;(905)781-45-18
Алёна Евсеева;(962)773-03-58
Анжелика Зуева;(985)560-77-71
Зоя Кузнецова;(944)067-27-14
Николай Сафонов;(963)684-27-79
Виктория Субботина;(948)171-93-65
Антон Субботин;(923)193-18-65
Алла Исакова;(972)265-68-35
Раиса Лазарева;(964)135-32-09
Тамара Воробьева;(962)051-13-97
Валентина Герасимова;(920)377-12-92
Борис Большаков;(946)290-99-36
Любовь Рябова;(919)721-48-70
Ангелина Крылова;(975)105-53-89
Вера Елисеева;(954)458-80-96
Зинаида Карпова;(952)638-54-49
Владислав Соловьев;(964)207-20-82
Надежда Воронцова;(988)607-05-35
Даниил Колобов;(917)946-07-90
Алевтина Кошелева;(924)453-47-62
Герман Андреев;(907)192-03-44
Альберт Стрелков;(964)888-65-62
Маргарита Кошелева;(932)925-23-34
Валерия Самсонова;(986)615-36-94
Надежда Красильникова;(966)088-91-07
Алла Шарова;(907)902-79-54
Алевтина Мишина;(950)037-54-92
Антонина Селиверстова;(905)709-68-63
Антон Жданов;(993)788-75-16
Антон Рябов;(968)382-83-90
Григорий Силин;(934)157-87-36
Михаил Фролов;(963)267-17-39
Олег Симонов;(941)368-98-24
Регина Рябова;(935)950-10-23
Клавдия Богданова;(914)914-90-67
Арина Жданова;(979)234-31-16
Алёна Евсеева;(917)138-43-67
Алексей Суворов;(997)694-70-06
Степан Ларионов;(972)076-35-70
Ангелина Шарова;(984)025-38-40
Антон Лазарев;(951)940-42-59
Анжела Беспалова;(922)566-14-09
Игнатий Цветков;(992)373-43-62
Эдуард Галкин;(951)376-10-64
Алёна Тихонова;(987)946-26-53
Марина Фролова;(908)864-76-43
Макар Голубев;(930)079-97-48
Анастасия Евдокимова;(951)087-95-70
Олег Блинов;(933)797-82-46
Сергей Богданов;(958)534-25-51
Мария Мухина;(929)082-05-83
Жанна Маслова;(934)364-04-92
Артём Исаев;(989)107-02-16
Константин Сергеев;(936)138-72-10
Нина Рыбакова;(982)693-85-03
Артём Романов;(968)741-62-30
Арсений Рожков;(901)713-97-25
Анжелика Мишина;(979)672-73-28
Иван Пономарев;(930)455-11-88
Даниил Егоров;(936)511-26-45
Вероника Киселева;(950)848-74-26
Юрий Анисимов;(969)661-21-43
Светлана Шарапова;(924)307-58-26
Раиса Мамонтова;(910)610-00-50
Антонида Воробьева;(936)702-43-47
Жанна Новикова;(969)230-51-99
Анжела Веселова;(917)817-31-31
Роман Устинов;(926)466-59-43
Эдуард Ларионов;(958)688-83-48
Лука Власов;(996)712-09-32
Георгий Кудрявцев;(917)164-05-44
Кира Колесникова;(925)292-01-17
Варвара Князева;(909)856-64-21
Варвара Мельникова;(923)893-01-85
Маргарита Назарова;(903)758-03-02
Клавдия Селезнева;(980)619-34-13
Алексей Бирюков;(975)935-27-26
Валерий Воронов;(912)959-88-06
Раиса Котова;(978)325-18-37
Артём Красильников;(932)083-72-46
Елена Красильникова;(908)021-81-84
Анна Дроздова;(924)731-40-32
Михаил Колобов;(959)108-65-42
Алла Алексеева;(949)674-16-47
Марина Субботина;(920)507-19-59
Олег Сазонов;(964)471-61-50
Константин Соловьев;(973)123-61-43
Вячеслав Николаев;(995)766-44-86
Евгения Фролова;(935)026-70-94
Анастасия Петухова;(948)719-72-27
Никита Виноградов;(958)610-53-67
Георгий Шубин;(959)293-21-20
Жанна Носкова;(902)894-42-35
Юрий Кабанов;(906)384-28-53
Василиса Михеева;(925)225-37-83
Игнатий Артемьев;(959)722-28-82
Наталья Иванова;(921)053-40-49
Нина Зимина;(948)425-13-45
Мария Наумова;(938)467-48-01
Геннадий Маслов;(938)176-39-61
Ирина Громова;(985)961-13-61
Раиса Федосеева;(943)072-48-50
Макар Лазарев;(973)183-01-08
Нина Шубина;(946)605-79-51
Ирина Савельева;(914)729-04-62
Виталий Дроздов;(990)722-05-56
Оксана Лазарева;(987)902-70-60
Альберт Молчанов;(903)390-56-86
Эдуард Лазарев;(961)899-91-28
Вадим Королев;(976)551-71-48
Ульяна Юдина;(951)504-22-02
Оксана Елисеева;(984)872-21-39
Юлия Галкина;(913)054-11-04
Константин Селезнев;(924)368-85-87
Анатолий Беляков;(915)953-61-88
Григорий Гордеев;(930)129-93-29
Алёна Громова;(979)176-47-56
Василий Семенов;(926)396-84-68
Артём Колобов;(969)390-15-20
Юрий Исаев;(901)246-52-11
Илья Зиновьев;(906)526-19-79
Вячеслав Григорьев;(990)861-36-02
Вячеслав Большаков;(925)132-77-02
Владислав Дроздов;(923)382-64-55
Никита Титов;(902)163-14-15
Тамара Казакова;(901)278-28-09
Борис Гуляев;(918)323-29-30
Антонина Хохлова;(951)786-39-38
Алевтина Молчанова;(983)693-55-10
Ольга Мишина;(996)200-65-80
Лука Данилов;(951)434-83-48
Зоя Казакова;(901)069-32-89
Маргарита Исаева;(913)868-65-37
Лука Афанасьев;(956)144-60-24
Аркадий Нестеров;(961)892-67-57
Роман Федосеев;(950)061-73-49
Антонина Фролова;(938)888-49-50
Надежда Павлова;(980)161-37-55
Владимир Антонов;(987)424-91-13
Нина Молчанова;(983)133-90-78
Маргарита Хохлова;(971)659-65-93
Вячеслав Уваров;(923)717-34-89
Любовь Шашкова;(927)969-83-84
Геннадий Суханов;(950)824-34-70
Таисия Григорьева;(973)487-91-93
Алевтина Баранова;(926)462-33-92
Людмила Цветкова;(929)924-84-85
Зинаида Сазонова;(918)877-25-59
Александра Селезнева;(969)169-05-70
Алёна Анисимова;(948)356-54-00
Ирина Корнилова;(978)297-43-12
Татьяна Логинова;(987)265-60-27
Сергей Сергеев;(909)755-94-63
Антонина Трофимова;(953)912-36-85
Мария Ковалева;(919)925-76-16
Матвей Ефремов;(996)723-35-21
Арсений Суханов;(906)997-20-02
Александр Рожков;(941)631-35-60
Василиса Фокина;(988)494-40-19
Аркадий Щербаков;(964)206-44-15
Владислав Ермаков;(938)937-46-65
Антонида Голубева;(949)419-57-99
Марина Шестакова;(933)157-62-81
Таисия Горбунова;(961)264-89-77
Алексей Игнатов;(976)106-62-94
Екатерина Евсеева;(953)192-45-54
Екатерина Киселева;(913)953-55-81
Геннадий Прохоров;(915)526-39-21
Александра Белоусова;(983)921-76-73
Анфиса Калинина;(949)271-73-61
Анатолий Ефимов;(981)747-44-65
Никита Буров;(972)879-03-51
Фёдор Кириллов;(998)579-12-99
Артём Мартынов;(911)871-64-26
Кира Юдина;(966)715-14-33
Олег Рябов;(998)311-59-97
Регина Тихонова;(920)157-45-41
Валерий Фролов;(981)521-25-06
Валентин Корнилов;(952)575-51-02
Василиса Филатова;(997)699-48-21
Светлана Блинова;(980)145-85-24
Александра Боброва;(928)581-29-01
Арсений Лаврентьев;(913)476-64-84
Татьяна Колобова;(960)797-97-96
Максим Андреев;(913)250-58-42
Михаил Яковлев;(924)544-03-24
Артём Кузьмин;(925)086-85-93
Валентина Данилова;(948)427-02-66
Иван Ларионов;(937)827-15-65
Никита Гурьев;(992)084-13-19
Денис Федосеев;(950)373-22-89
Вера Шарова;(991)284-03-41
Максим Никитин;(936)201-03-10
Василиса Прохорова;(900)937-42-44
Альберт Бобылев;(922)175-01-74
Вероника Самойлова;(938)717-48-99
Юлия Федотова;(921)298-52-54
Илья Щукин;(930)113-16-37
Александра Носова;(921)586-23-02
Любовь Котова;(947)633-07-00
Нина Шубина;(965)567-53-10
Зоя Кудряшова;(977)139-94-02
Дмитрий Фокин;(922)861-08-02
Анжела Дементьева;(962)911-29-55
Александра Белякова;(938)559-37-47
Егор Молчанов;(929)381-23-06
Егор Анисимов;(949)984-27-86
Фёдор Елисеев;(941)647-09-72
Любовь Брагина;(906)912-93-28
Степан Зиновьев;(971)494-55-91
Наталья Красильникова;(986)555-80-45
Егор Макаров;(951)980-74-72
Лидия Шарапова;(952)904-32-42
Игнатий Лебедев;(980)947-06-21
Антонина Гурьева;(931)609-32-80
Вероника Кошелева;(908)484-96-69
Зинаида Горбачева;(959)453-78-81
Роман Артемьев;(979)881-58-81
Любовь Некрасова;(900)713-12-08
Борис Давыдов;(963)672-52-65
Зинаида Соловьева;(923)049-21-02
Алёна Лазарева;(952)173-02-19
Валентин Меркушев;(939)677-57-65
Валерий Носков;(968)771-11-01
Григорий Наумов;(945)277-99-67
Арина Симонова;(997)782-52-14
Эдуард Архипов;(939)122-01-55
Виктория Авдеева;(972)383-60-83
Виктория Чернова;(912)212-28-94
Игорь Рыбаков;(913)778-04-90
Алина Кудряшова;(934)518-73-39
Алексей Кузнецов;(969)692-19-80
Лаврентий Блохин;(940)444-74-67
Вячеслав Силин;(915)797-52-54
Сергей Савельев;(931)651-26-51
Валерий Исаев;(939)218-73-90
Даниил Никитин;(934)142-02-52
Жанна Журавлева;(992)001-87-41
Антонида Фадеева;(979)777-18-63
Евгения Дементьева;(997)311-81-15
Макар Алексеев;(904)974-29-57
Анатолий Самойлов;(976)503-31-62
Игнатий Гаврилов;(941)379-77-98
Нина Ковалева;(916)261-14-05
Владислав Карпов;(974)462-36-32
Борис Дорофеев;(966)983-68-20
Наталья Наумова;(913)273-91-98
Марина Носова;(930)070-91-41
София Меркушева;(928)646-87-00
Валерий Силин;(934)552-56-17
Анжела Цветкова;(965)769-98-37
Игнатий Миронов;(979)186-52-79
Зинаида Исаева;(993)724-31-23
Татьяна Наумова;(945)294-67-63
Владимир Крюков;(910)815-78-43
Анна Гаврилова;(908)380-90-33
Валентина Белоусова;(957)731-61-78
София Аксенова;(993)837-57-66
Антон Романов;(950)492-67-15
Тамара Яковлева;(964)473-02-32
Валерий Белоусов;(942)230-07-91
Анфиса Симонова;(985)119-64-39
Илья Дроздов;(955)795-51-38
Андрей Князев;(939)845-23-57
Наталья Соколова;(984)980-73-03
Роман Шашков;(939)866-58-33
Олег Филатов;(924)326-48-68
Анатолий Гусев;(993)637-87-67
Евгения Ермакова;(916)935-97-95
Елизавета Ефремова;(986)926-34-86
Галина Лыткина;(988)428-37-41
Егор Никитин;(949)832-36-72
Мария Суворова;(982)355-71-84
Иван Дьячков;(991)995-15-63
Ярослав Шестаков;(908)885-63-26
Алёна Хохлова;(970)136-73-74
Владимир Игнатьев;(907)684-73-96
Анфиса Пономарева;(988)491-74-34
Михаил Суханов;(991)750-55-20
Константин Фомин;(986)275-66-84
Тамара Герасимова;(908)968-91-10
Илья Кулагин;(968)323-81-95
Юлия Филиппова;(909)645-37-41
Ангелина Игнатьева;(901)691-26-65
Даниил Быков;(930)070-19-52
Эдуард Сорокин;(957)972-41-05
Ульяна Петрова;(993)003-58-11
Валентина Александрова;(939)802-59-01
Александр Ершов;(979)327-36-87
Лариса Соболева;(929)092-50-98
Анна Овчинникова;(987)043-53-66
Тамара Голубева;(988)849-02-31
Маргарита Маслова;(971)946-73-54
Тамара Александрова;(901)920-45-93
Альберт Беляков;(940)517-79-16
Лариса Юдина;(961)927-47-84
Юрий Михайлов;(976)285-85-38
Алевтина Зуева;(975)168-95-44
Валерия Исаева;(967)110-62-83
Валентина Бурова;(936)969-64-19
Алина Фомичева;(929)678-15-89
Раиса Ширяева;(980)695-10-40
Вероника Карпова;(983)354-04-65
Лаврентий Пестов;(929)697-96-18
Борис Шаров;(957)897-85-33
Андрей Филатов;(969)757-41-04
Владислав Чернов;(927)264-89-77
Лаврентий Титов;(956)040-44-99
Станислав Некрасов;(900)991-84-10
Денис Зыков;(941)114-62-29
Марина Фомина;(947)295-40-89
Вадим Исаев;(906)043-29-86
Ольга Куликова;(926)618-67-82
Дарья Морозова;(929)284-17-61
Римма Беляева;(917)192-15-45
Станислав Чернов;(964)013-18-38
Денис Дьячков;(990)346-17-78
Ангелина Кабанова;(952)965-49-74
Вероника Кошелева;(974)291-22-87
Даниил Белозеров;(925)479-62-36
Лидия Самойлова;(938)212-19-31
Ксения Логинова;(992)775-06-76
София Назарова;(927)908-30-20
Ангелина Дорофеева;(909)828-06-32
Анатолий Дроздов;(905)284-08-24
Виктория Романова;(970)895-14-66
Лука Зыков;(922)850-05-40
Аркадий Некрасов;(933)146-25-22
Семён Лебедев;(979)566-07-34
Владимир Марков;(970)794-36-45
Роман Кошелев;(903)688-74-68
Константин Кошелев;(982)593-96-53
Вадим Меркушев;(902)995-18-77
Варвара Попова;(968)973-91-94
Зинаида Гришина;(951)110-74-97
Роман Уваров;(934)395-10-95
Альберт Пономарев;(942)143-40-36
Лидия Давыдова;(964)928-35-78
Екатерина Мясникова;(927)379-24-01
Ульяна Савина;(972)502-83-57
Ирина Аксенова;(986)396-56-20
Роман Веселов;(982)705-07-58
Василиса Наумова;(998)227-46-97
Егор Пахомов;(990)230-37-00
Степан Горшков;(972)535-45-24
София Гаврилова;(902)345-27-15
Антонида Александрова;(984)680-43-13
Елена Соловьева;(956)639-16-21
Аркадий Богданов;(985)051-85-37
Мария Нестерова;(968)440-34-89
Анфиса Новикова;(954)395-50-43
Виктория Шарапова;(938)635-38-39
Виталий Ширяев;(944)074-35-92
Регина Бобылева;(989)235-15-91
Герман Кононов;(901)534-93-22
Константин Абрамов;(942)850-27-30
Герман Мамонтов;(964)612-86-90
Артём Михайлов;(967)059-97-02
Лариса Котова;(909)968-63-11
Любовь Петухова;(985)140-03-82
Галина Петрова;(937)231-10-12
Зоя Воробьева;(992)361-60-18
Егор Кулаков;(989)764-15-06
Евгения Галкина;(915)785-32-33
Евгений Якушев;(913)961-09-51
Зоя Селиверстова;(900)691-34-35
Макар Цветков;(980)634-46-74
Денис Белозеров;(974)191-81-57
Алексей Кондратьев;(957)953-41-93
Галина Евдокимова;(903)603-66-70
Надежда Афанасьева;(963)913-16-37
Ирина Турова;(924)684-19-99
Леонид Денисов;(937)720-93-74
Нина Симонова;(988)347-86-72
Евгения Ефимова;(951)127-38-69
Мария Шилова;(947)723-77-06
Степан Гаврилов;(913)985-81-24
Анжела Рогова;(913)356-12-00
Валерия Некрасова;(905)809-00-95
Алёна Ефремова;(993)306-30-65
Эдуард Смирнов;(967)331-41-90
Максим Кошелев;(922)399-56-65
Леонид Михеев;(964)428-74-62
Варвара Мельникова;(953)787-11-57
Герман Гусев;(930)763-60-17
Кира Третьякова;(910)426-68-64
Виктория Горшкова;(948)756-53-76
Евгения Кулагина;(935)094-01-73
Нина Кузнецова;(915)512-65-53
Евгений Кондратьев;(965)281-00-76
Зоя Тетерина;(982)298-53-50
Александр Корнилов;(961)122-57-85
Герман Горшков;(984)608-96-41
Антон Красильников;(926)242-51-48
Варвара Антонова;(910)293-06-63
Тамара Архипова;(965)017-86-91
Римма Муравьева;(983)869-13-74
Альберт Смирнов;(966)928-58-24
Григорий Игнатов;(904)069-17-83
Фёдор Крылов;(933)420-61-06
Антонида Мамонтова;(994)787-52-72
Артём Фомин;(970)688-02-01
Марина Полякова;(914)224-73-75
Антонина Архипова;(906)044-13-98
Ангелина Крылова;(959)390-30-59
Михаил Вишняков;(977)654-40-18
Тамара Лукина;(974)690-21-71
Вячеслав Кулаков;(941)086-05-21
Григорий Поляков;(961)231-97-53
Герман Ефремов;(910)103-79-02
Жанна Гордеева;(915)318-65-53
Иван Самойлов;(992)327-77-80
Вадим Корнилов;(935)859-13-31
София Некрасова;(929)324-65-56
Владислав Крюков;(945)786-32-17
Валерия Силина;(920)516-90-14
Елена Титова;(934)417-36-13
Матвей Кудряшов;(952)684-73-86
Антонида Михеева;(987)440-56-98
Юрий Мухин;(977)692-77-34
Николай Горшков;(997)556-77-02
Макар Лазарев;(935)850-85-22
Георгий Самсонов;(988)548-83-66
Владислав Ефимов;(955)017-47-32
Василий Бобылев;(963)978-87-52
Елена Смирнова;(927)648-96-50
Даниил Блохин;(947)158-79-30
Алла Шубина;(906)682-40-62
Марина Дроздова;(916)345-65-12
Екатерина Яковлева;(970)947-45-84
Ксения Алексеева;(922)707-87-35
Станислав Попов;(900)624-28-34
Виктор Костин;(909)594-46-17
Варвара Лихачева;(953)389-18-04
Мария Самсонова;(930)058-01-12
Виталий Мясников;(974)578-44-33
Леонид Волков;(903)062-25-55
Надежда Костина;(947)357-89-72
Валентин Вишняков;(965)837-69-76
Маргарита Исакова;(922)617-28-01
Татьяна Турова;(942)031-98-61
Алёна Горбачева;(978)225-83-60
Макар Зыков;(951)255-04-62
Аркадий Бобылев;(945)547-90-57
Виталий Дементьев;(977)571-60-59
Раиса Колобова;(919)183-02-35
Антон Соколов;(928)166-60-72
Василий Щукин;(988)665-26-73
Зинаида Рогова;(901)737-32-69
Ольга Большакова;(938)527-63-10
Василий Самсонов;(932)970-46-09
Нина Блинова;(941)968-38-09
София Тетерина;(944)679-17-72
Кира Соловьева;(982)656-20-03
Ольга Лукина;(974)359-58-50
Антонида Брагина;(930)222-39-44
Борис Титов;(956)727-92-10
Григорий Большаков;(915)921-45-02
Альберт Селиверстов;(913)514-42-45
Валентина Фомина;(958)459-49-67
Елизавета Виноградова;(987)543-34-29
Роман Васильев;(921)268-16-15
Надежда Фадеева;(995)122-21-00
Зинаида Вишнякова;(930)366-66-37
Лука Антонов;(953)622-80-32
Любовь Авдеева;(918)270-85-47
Олег Макаров;(935)452-74-22
Игорь Горбачев;(947)934-40-04
Арсений Абрамов;(995)723-15-37
София Лаврентьева;(949)747-53-42
Виктория Шарова;(934)113-57-69
Елизавета Суханова;(959)457-65-86
Денис Суворов;(902)913-26-01
Василий Власов;(997)054-77-96
Зоя Одинцова;(960)562-72-96
Александр Прохоров;(950)356-62-68
Вера Ларионова;(923)823-43-45
Арсений Шестаков;(901)127-99-70
Ярослав Ильин;(972)523-83-22
Матвей Белозеров;(970)826-68-23
Арсений Наумов;(987)061-35-02
Максим Шарапов;(940)236-50-59
Макар Казаков;(977)202-34-15
Ольга Боброва;(928)139-13-18
Геннадий Маслов;(953)730-57-77
Семён Антонов;(978)524-60-55
Станислав Колесников;(964)518-23-32
Антонида Петрова;(986)158-44-44
Роман Князев;(939)563-77-25
Артём Васильев;(968)053-27-38
София Филатова;(962)200-81-03
Нина Яковлева;(931)509-08-11
Анастасия Зуева;(905)174-28-41
Наталья Дементьева;(911)029-99-55
Артём Сысоев;(933)427-35-46
Ксения Галкина;(908)406-30-36
Анна Никифорова;(970)407-55-13
Анастасия Давыдова;(917)431-87-37
Матвей Пестов;(979)792-55-52
Антон Федотов;(902)530-44-79
Виталий Харитонов;(909)190-88-34
Нина Смирнова;(964)178-63-97
Таисия Сергеева;(945)403-10-42
Борис Морозов;(927)164-09-82
Семён Ильин;(994)404-72-80
Борис Логинов;(907)164-98-38
Екатерина Стрелкова;(968)528-42-07
Елизавета Исакова;(958)304-76-34
Римма Осипова;(904)000-63-85
Роман Беляков;(984)434-57-51
Никита Капустин;(931)365-73-88
Степан Фомин;(945)068-05-33
Виталий Королев;(940)162-59-12
Наталья Комарова;(945)659-73-71
Вероника Цветкова;(949)242-48-79
Матвей Марков;(993)347-43-34
Владислав Зимин;(949)633-37-15
Екатерина Авдеева;(946)125-77-19
Алёна Ширяева;(931)917-89-05
Григорий Исаев;(972)639-34-29
Игнатий Виноградов;(919)310-33-15
Алексей Пономарев;(973)424-62-66
Эдуард Денисов;(924)234-41-90
Иван Емельянов;(984)871-50-53
Алина Лыткина;(929)309-51-70
Степан Пестов;(914)656-21-24
Зоя Воробьева;(950)407-62-82
Герман Устинов;(987)415-46-40
Альберт Самсонов;(911)289-24-21
Никита Медведев;(993)199-23-97
Владимир Данилов;(907)818-05-57
Анна Куликова;(948)976-82-68
Маргарита Журавлева;(985)923-74-82
Ярослав Самсонов;(929)236-23-76
Александр Сидоров;(923)871-32-98
Мария Молчанова;(911)573-77-05
Анна Дьячкова;(964)404-58-88
Людмила Агафонова;(936)045-42-29
Константин Буров;(931)598-91-41
Александра Сорокина;(967)584-33-32
Кира Мартынова;(944)516-84-23
Жанна Фокина;(984)408-59-97
Макар Королев;(995)585-33-86
Лариса Калашникова;(951)334-89-44
Алёна Соловьева;(940)750-90-54
Герман Суханов;(967)410-25-92
Альберт Маслов;(910)623-99-94
Виктор Ершов;(957)545-85-98
Ксения Воронцова;(900)440-70-94
Наталья Стрелкова;(966)825-58-86
Валерия Лобанова;(937)829-53-45
Зоя Гуляева;(913)314-67-44
Виктор Шаров;(923)888-10-89
Елена Сидорова;(937)147-74-27
Анна Быкова;(926)129-17-19
Валерия Чернова;(987)780-21-54
Лука Куликов;(935)736-97-48
Алла Денисова;(988)990-32-33
Валерий Силин;(988)284-32-88
Лариса Селезнева;(967)610-77-62
Екатерина Зиновьева;(936)915-75-11
Михаил Носов;(932)108-54-21
Лаврентий Фомин;(973)485-52-84
Ольга Блинова;(916)987-37-70
Александра Игнатова;(961)483-43-66
Евгений Русаков;(902)034-77-50
Галина Антонова;(995)146-58-06
Антон Овчинников;(936)952-94-23
Альберт Комаров;(971)001-31-28
Георгий Михеев;(931)384-14-38
Оксана Сергеева;(939)746-45-81
Регина Комиссарова;(916)265-99-32
Игорь Носков;(979)811-86-25
Елизавета Шарова;(982)466-43-71
Варвара Морозова;(979)699-98-63
Владимир Комаров;(993)886-26-35
Вера Шарапова;(934)998-10-67
Елена Шилова;(927)694-07-33
Станислав Дорофеев;(971)204-98-13
Валерия Хохлова;(974)026-98-91
Станислав Евдокимов;(954)931-82-42
Татьяна Мартынова;(984)175-51-83
Олег Владимиров;(986)650-47-33
Константин Захаров;(926)522-74-83
Валентин Дорофеев;(996)391-91-13
Никита Афанасьев;(995)071-80-56
Екатерина Романова;(983)219-53-81
Регина Игнатьева;(934)928-71-58
Вера Коновалова;(958)406-24-27
Алёна Овчинникова;(929)589-82-80
Александр Цветков;(984)328-42-36
Елена Жданова;(983)371-45-50
Светлана Федотова;(924)179-01-80
Вероника Лазарева;(993)439-66-11
Римма Носова;(941)052-33-74
Антонина Бурова;(909)015-05-76
Алла Королева;(915)032-36-14
Эдуард Евсеев;(933)626-92-66
Анжелика Васильева;(950)412-29-96
Валерия Устинова;(998)386-91-37
Валентин Тарасов;(997)550-34-29
Антонида Ильина;(926)390-80-03
Игорь Пономарев;(915)243-53-05
Герман Мартынов;(902)853-03-68
Юлия Селезнева;(977)357-19-44
Валентин Никонов;(944)521-55-21
Алевтина Кузнецова;(973)268-48-75
Анатолий Молчанов;(994)635-16-61
Лука Жданов;(925)649-44-87
Станислав Сысоев;(986)356-53-63
Регина Ларионова;(918)516-55-06
Макар Крылов;(970)858-07-03
Даниил Некрасов;(949)754-89-51
Ангелина Осипова;(996)837-95-13
Аркадий Абрамов;(905)792-95-06
Наталья Мясникова;(907)204-49-58
Геннадий Ларионов;(953)435-67-18
Виктор Муравьев;(979)570-73-42
Фёдор Лазарев;(930)027-02-88
Владимир Воробьев;(938)486-10-95
Алёна Мухина;(902)843-81-17
Леонид Князев;(988)475-60-70
Кира Панова;(920)423-78-39
Василий Федосеев;(907)232-17-24
Варвара Панфилова;(911)599-98-40
Дмитрий Евдокимов;(941)793-37-99
Вячеслав Доронин;(915)785-61-60
Лаврентий Ларионов;(965)108-55-08
Илья Белов;(918)425-50-96
Денис Самсонов;(942)116-63-83
Анатолий Потапов;(911)714-24-61
Семён Одинцов;(967)842-99-64
Валентин Жданов;(949)594-32-55
Юрий Костин;(956)480-34-44
Кира Никитина;(927)564-61-17
Алёна Родионова;(962)535-93-58
Людмила Козлова;(925)622-98-27
Дарья Борисова;(928)967-86-56
Клавдия Доронина;(915)428-21-76
Анжела Степанова;(955)034-45-93
Антонида Чернова;(988)975-41-66
Станислав Никонов;(912)913-89-90
Алексей Никифоров;(951)316-17-21
Игнатий Дементьев;(933)623-31-25
Анжелика Лаврентьева;(920)067-96-79
Виктория Шилова;(973)409-26-61
Алексей Капустин;(945)250-17-71
Григорий Осипов;(951)089-42-78
Вячеслав Дмитриев;(998)580-18-43
Варвара Ефимова;(915)621-56-40
Лука Харитонов;(943)002-30-53
Лука Русаков;(935)137-12-64
Константин Новиков;(984)077-83-68
Лидия Васильева;(936)436-55-23
Даниил Костин;(989)397-64-49
Таисия Большакова;(918)550-31-98
Андрей Исаев;(973)696-89-54
Аркадий Калашников;(993)770-38-81
Людмила Пестова;(910)866-73-09
Виталий Данилов;(982)340-92-90
Игорь Одинцов;(991)609-13-23
Вероника Логинова;(984)966-30-52
Антон Щербаков;(991)029-26-77
Арсений Рябов;(929)510-82-41
Лаврентий Гордеев;(964)195-17-03
Дарья Федорова;(957)066-49-75
Анжелика Пестова;(929)764-30-66
Аркадий Соболев;(979)614-17-21
Зоя Белозерова;(968)596-62-26
Регина Муравьева;(932)800-71-43
Тамара Пахомова;(925)616-94-75
Ирина Колесникова;(976)311-48-57
Алина Пестова;(980)406-39-66
Василий Шилов;(943)671-09-62
Валентина Коновалова;(960)388-78-89
Римма Исакова;(990)246-51-21
Владимир Щербаков;(911)617-32-13
Татьяна Зыкова;(979)350-54-78
Герман Миронов;(996)190-48-46
Алексей Туров;(978)250-39-25
Константин Фомин;(952)701-81-09
Альберт Горбунов;(998)124-35-89
Владимир Чернов;(963)665-04-18
Валерий Фадеев;(921)853-92-60
Игорь Прохоров;(904)536-17-53
Игорь Федосеев;(915)960-07-22
Виктор Капустин;(928)650-65-96
Денис Ермаков;(914)765-90-19
Алла Якушева;(918)240-08-14
Герман Михеев;(958)922-99-98
Ольга Лазарева;(953)530-06-20
Арина Рогова;(917)049-41-43
Эдуард Щукин;(932)198-52-11
Екатерина Галкина;(954)792-96-10
Лариса Коновалова;(991)286-04-40
Виктор Казаков;(911)424-32-80
Вадим Данилов;(970)737-04-35
Георгий Рябов;(939)425-40-88
Александра Александрова;(957)241-73-01
Ангелина Ларионова;(992)578-39-06
Любовь Красильникова;(920)955-81-23
Денис Крылов;(966)520-06-49
Александр Елисеев;(961)382-75-40
Надежда Соболева;(999)782-19-33
Римма Попова;(981)737-02-02
Александра Бобылева;(904)919-72-61
Татьяна Сазонова;(957)515-37-83
Игорь Аксенов;(990)448-23-69
Вера Некрасова;(918)479-13-58
Никита Сорокин;(916)006-82-95
Марина Коновалова;(996)271-51-27
Александра Голубева;(941)239-94-82
Валерий Бирюков;(904)731-09-91
Валентин Горшков;(977)891-20-82
Юрий Фролов;(931)976-18-47
Альберт Смирнов;(979)397-98-31
Геннадий Стрелков;(909)619-40-37
Анфиса Кабанова;(976)224-27-20
Алексей Артемьев;(994)957-67-94
Римма Бурова;(999)683-33-47
Валентин Лукин;(900)180-24-80
Лариса Большакова;(987)184-32-34
Зоя Тарасова;(903)341-48-75
Виктор Герасимов;(919)868-11-19
Игнатий Волков;(956)121-20-87
Роман Соболев;(922)767-26-14
Иван Дорофеев;(992)740-22-63
Герман Филиппов;(968)603-30-70
Анжелика Крюкова;(974)250-13-48
Сергей Уваров;(920)370-74-78
Валерия Калашникова;(914)300-00-31
Антон Щербаков;(980)346-43-42
Жанна Мельникова;(944)991-15-19
Станислав Мамонтов;(959)551-74-71
Владислав Блинов;(924)548-50-77
Николай Меркушев;(928)356-67-52
Виталий Алексеев;(960)722-58-18
Людмила Ситникова;(918)606-61-69
Ирина Сидорова;(995)012-38-29
Анжелика Власова;(927)724-31-06
Арина Шарапова;(952)815-00-58
Леонид Кузнецов;(992)209-44-53
Альберт Рябов;(940)993-67-61
Галина Евсеева;(907)899-70-24
Вероника Егорова;(974)209-54-51
Альберт Орлов;(924)433-01-28
Егор Фадеев;(923)472-34-09
Зинаида Красильникова;(985)995-91-65
Алевтина Фролова;(947)828-62-08
Ирина Ковалева;(956)822-77-25
Анастасия Маслова;(971)550-39-06
Олег Титов;(985)230-67-53
Лаврентий Рогов;(915)756-53-85
Римма Овчинникова;(993)703-89-93
Анжела Карпова;(956)145-79-84
Вячеслав Абрамов;(998)528-76-55
Владимир Архипов;(921)681-09-65
Вера Тихонова;(986)396-64-50
Надежда Устинова;(919)789-41-96
Егор Дроздов;(933)846-90-11
Ангелина Кузнецова;(910)948-20-53
Евгений Устинов;(916)343-87-23
Фёдор Наумов;(997)965-11-38
Лариса Попова;(939)121-03-26
Артём Петухов;(900)675-99-25
Валентина Блинова;(983)503-47-12
Людмила Осипова;(993)201-08-52
Виктория Архипова;(966)333-85-03
Антонида Якушева;(985)558-85-75
Евгений Блинов;(901)026-54-03
Галина Кудрявцева;(937)748-12-61
Иван Карпов;(967)706-26-35
Степан Громов;(992)869-62-23
Валентина Блохина;(962)652-90-75
Лидия Комарова;(954)833-82-25
Андрей Никифоров;(985)317-66-49
Елизавета Блохина;(940)037-08-08
Римма Колобова;(942)514-81-73
Арсений Якушев;(995)738-85-76
Регина Журавлева;(914)281-40-27
Евгений Дмитриев;(998)102-90-55
Лариса Тимофеева;(993)024-05-82
Матвей Федоров;(983)204-00-30
Георгий Дроздов;(992)855-38-07
Станислав Мясников;(956)540-66-91
Лаврентий Игнатов;(935)720-81-12
Даниил Лихачев;(948)320-15-12
Вероника Гордеева;(919)038-92-35
Оксана Галкина;(904)616-27-72
Аркадий Тимофеев;(984)743-25-09
Лука Кошелев;(958)609-30-12
Григорий Мартынов;(992)494-41-76
Виктор Кузнецов;(980)681-14-19
Алексей Калашников;(956)978-67-08
София Доронина;(989)704-75-13
Лаврентий Соколов;(947)649-59-40
Степан Анисимов;(935)109-86-60
Лука Кондратьев;(922)080-54-30
Никита Орехов;(963)191-95-37
Александр Дементьев;(955)463-50-01
Вероника Семенова;(950)090-60-47
Любовь Хохлова;(971)345-61-65
Арина Рожкова;(911)017-53-80
Алёна Журавлева;(935)821-24-71
Арсений Тарасов;(974)140-66-01
Егор Богданов;(911)359-09-45
Лука Агафонов;(915)846-76-39
Наталья Молчанова;(972)610-15-15
Лука Мясников;(995)866-35-29
Макар Дьячков;(975)683-55-04
Лариса Сергеева;(921)398-94-32
Лаврентий Устинов;(982)448-00-03
Олег Трофимов;(940)147-31-03
Владимир Дроздов;(989)990-89-19
Вера Третьякова;(988)532-18-18
Игнатий Ефремов;(944)579-34-59
София Петрова;(957)475-44-85
Анжелика Белова;(933)612-11-31
Максим Нестеров;(961)862-55-83
Елена Лобанова;(953)043-82-77
Надежда Щукина;(957)038-35-97
Михаил Пестов;(902)404-44-10
Лидия Федорова;(995)423-27-92
Жанна Кузьмина;(958)248-01-53
Денис Лобанов;(902)206-73-00
Любовь Куликова;(977)625-82-71
Клавдия Карпова;(936)552-44-96
Степан Мухин;(980)432-45-41
Регина Афанасьева;(938)640-29-97
Альберт Петров;(941)151-96-73
Лаврентий Громов;(974)159-50-57
Ксения Федотова;(928)606-94-15
Иван Соколов;(926)577-69-25
Екатерина Агафонова;(949)389-90-35
Раиса Зуева;(907)827-90-31
Андрей Шестаков;(904)615-76-21
Кира Бирюкова;(963)824-39-20
Николай Мишин;(957)167-80-23
Максим Андреев;(977)678-27-80
Зоя Большакова;(929)955-27-50
Вадим Сидоров;(940)627-19-47
Любовь Панфилова;(971)910-67-46
Алевтина Кондратьева;(900)118-76-44
Кира Соловьева;(937)082-72-82
Борис Терентьев;(923)462-02-11
Елизавета Сергеева;(936)787-63-40
Семён Чернов;(950)999-91-79
Михаил Коновалов;(915)571-18-40
Игнатий Рыбаков;(906)776-91-79
Анастасия Захарова;(999)622-84-62
Олег Уваров;(983)053-05-90
Василий Лазарев;(910)087-24-66
Борис Харитонов;(967)077-98-07
Станислав Федотов;(933)411-45-70
Станислав Иванов;(991)294-31-92
Иван Фокин;(996)185-48-35
Ксения Самсонова;(984)287-94-10
Артём Беляев;(901)689-10-99
Герман Николаев;(923)025-45-39
Евгений Титов;(940)753-69-45
Василий Жуков;(908)444-26-43
Александр Прохоров;(979)383-60-60
Макар Кузьмин;(937)068-32-90
Валентина Зыкова;(996)914-02-55
Фёдор Казаков;(914)517-49-75
Лидия Быкова;(986)314-86-60
Валерий Жуков;(940)722-75-74
Юлия Власова;(983)076-63-30
Таисия Хохлова;(988)650-98-46
Татьяна Прохорова;(979)538-41-98
Матвей Копылов;(950)171-67-31
Виктор Романов;(919)128-51-68
Римма Макарова;(982)072-55-18
Владимир Суворов;(925)012-43-24
Валерия Александрова;(997)208-53-04
Регина Боброва;(969)776-74-80
София Русакова;(933)748-72-06
Александр Нестеров;(943)449-66-00
Эдуард Буров;(910)426-58-04
Эдуард Ермаков;(907)381-16-48
Алина Киселева;(984)929-29-84
Максим Анисимов;(978)775-98-33
Маргарита Корнилова;(913)398-21-96
Игнатий Логинов;(960)114-70-86
Дарья Савельева;(991)117-67-02
Елизавета Волкова;(950)966-92-57
Юрий Лихачев;(926)573-54-65
Юрий Исаев;(995)175-67-62
Надежда Фомичева;(987)577-25-20
Регина Матвеева;(905)200-63-71
Таисия Кудряшова;(987)409-99-59
Александра Горбунова;(905)574-82-10
Алина Королева;(988)055-92-42
Антон Макаров;(927)159-42-56
Светлана Никитина;(948)233-80-73
Ульяна Калашникова;(932)225-05-96
Тамара Горшкова;(929)866-51-48
Вадим Владимиров;(999)105-59-58
Валентин Титов;(997)845-09-46
Алина Прохорова;(959)445-81-16
Ульяна Панова;(909)520-16-14
Владимир Лаврентьев;(902)415-21-10
Герман Осипов;(995)638-55-75
Игнатий Кондратьев;(945)406-31-99
Егор Котов;(980)189-87-63
Антонида Потапова;(913)441-13-51
Денис Матвеев;(920)880-51-10
Виктория Бурова;(931)474-50-94
Георгий Туров;(904)296-67-21
Регина Кошелева;(923)097-83-00
Ярослав Третьяков;(937)814-62-75
Герман Ильин;(930)676-14-36
Жанна Степанова;(926)253-35-36
Арина Панова;(908)628-85-47
Борис Дьячков;(910)737-00-56
Ольга Дьячкова;(938)128-88-08
Борис Лазарев;(919)499-05-76
Василий Потапов;(914)373-63-32
Лариса Дроздова;(925)129-28-11
Клавдия Фадеева;(940)024-15-48
Лука Исаев;(949)713-58-39
София Тихонова;(982)736-41-38
Любовь Сидорова;(977)971-11-15
Антонина Зыкова;(941)992-15-84
Степан Константинов;(960)868-12-77
Геннадий Зиновьев;(934)578-52-09
Раиса Мясникова;(908)879-90-25
Анастасия Фокина;(918)393-79-32
Леонид Федосеев;(916)563-98-07
Лука Зимин;(973)334-25-97
Роман Сысоев;(919)589-53-74
Лаврентий Игнатов;(968)783-13-72
Евгений Волков;(908)968-83-80
Галина Козлова;(929)619-49-39
Игнатий Сидоров;(933)146-83-81
Андрей Рогов;(963)892-11-71
Александр Марков;(921)528-40-80
Варвара Шарапова;(995)391-07-83
Роман Горбачев;(979)777-99-25
Евгений Фомин;(935)449-52-11
Георгий Кудряшов;(967)407-70-98
Ульяна Николаева;(902)019-01-52
Лидия Анисимова;(961)512-16-31
Александр Андреев;(902)642-69-27
Алина Казакова;(977)855-09-04
Ирина Мартынова;(988)769-82-76
Валентина Кудрявцева;(924)305-78-74
Алёна Андреева;(961)681-26-85
Елизавета Лазарева;(902)658-16-52
Аркадий Белоусов;(926)767-21-38
Герман Анисимов;(902)087-08-49
Николай Егоров;(975)856-87-44
Зинаида Иванова;(959)702-98-74
Дарья Овчинникова;(951)951-83-92
Таисия Харитонова;(928)353-01-23
Ольга Сидорова;(966)964-60-43
Егор Ковалев;(941)992-77-87
Ирина Большакова;(910)084-50-85
Людмила Данилова;(982)723-09-34
Семён Колесников;(939)478-94-26
Вера Бурова;(956)580-22-87
Тамара Тарасова;(979)299-46-68
Маргарита Елисеева;(953)251-37-17
Анжела Макарова;(904)210-74-29
Елизавета Горшкова;(911)136-80-51
Антонина Мишина;(936)327-58-11
София Гришина;(909)239-98-21
Ксения Пестова;(932)773-14-63
Валентина Соколова;(982)737-24-65
Вячеслав Шилов;(985)692-15-22
Таисия Григорьева;(957)040-79-51
Кира Павлова;(960)186-94-01
Людмила Субботина;(990)165-90-05
Евгений Беляков;(971)683-57-68
Любовь Емельянова;(997)873-55-86
Тамара Игнатьева;(922)815-28-03
Татьяна Калашникова;(975)412-49-35
Константин Владимиров;(939)628-88-50
Арина Воронцова;(933)660-97-70
Вадим Борисов;(952)556-60-92
Даниил Лаврентьев;(950)290-87-66
Эдуард Суворов;(957)213-97-01
Андрей Кириллов;(962)991-37-10
Анжела Федотова;(965)289-10-97
Валерий Жданов;(948)033-14-86
Степан Артемьев;(912)325-36-42
Фёдор Капустин;(945)042-05-94
Антон Иванов;(939)048-93-66
Валентин Кузьмин;(907)720-93-26
Антонида Павлова;(990)924-58-57
Варвара Родионова;(922)346-86-02
Матвей Белозеров;(964)251-21-72
Юрий Емельянов;(911)800-27-03
Александр Соловьев;(941)872-58-33
Альберт Горбачев;(930)112-45-46
Жанна Горбачева;(970)662-00-26
Маргарита Максимова;(902)304-22-95
Игнатий Горбунов;(954)862-15-73
Лидия Мухина;(982)935-11-02
Дмитрий Козлов;(906)248-49-95
Роман Назаров;(932)400-34-00
Николай Колесников;(903)665-84-40
Алексей Владимиров;(907)617-86-82
Владислав Герасимов;(983)626-23-15
Оксана Щербакова;(935)101-00-58
Жанна Князева;(918)469-91-30
Аркадий Симонов;(940)102-73-90
Матвей Горшков;(929)203-38-36
Виктор Данилов;(910)857-34-23
Анастасия Аксенова;(945)298-58-54
Алла Абрамова;(988)651-59-95
Вероника Савина;(917)865-39-79
Маргарита Колобова;(984)897-42-03
Роман Петухов;(929)313-37-99
Лаврентий Романов;(912)061-39-59
Елизавета Владимирова;(961)686-50-66
Антонида Полякова;(946)067-28-02
Сергей Никонов;(989)304-16-13
Жанна Зайцева;(948)688-86-75
Андрей Кононов;(957)164-14-00
Олег Титов;(997)853-25-46
Эдуард Давыдов;(982)566-45-44
Алексей Андреев;(933)085-72-36
Сергей Блинов;(941)282-64-72
Евгения Вишнякова;(949)456-07-29
Вера Меркушева;(916)264-23-12
Лариса Белозерова;(946)517-70-42
Дарья Сорокина;(949)822-02-41
Олег Павлов;(965)120-13-70
Людмила Чернова;(972)382-84-00
Станислав Селиверстов;(907)143-00-53
Людмила Герасимова;(902)537-57-06
Даниил Коновалов;(976)130-46-15
Олег Захаров;(947)636-76-61
Михаил Игнатов;(969)607-55-98
Лариса Карпова;(962)768-01-59
Владислав Сафонов;(909)744-35-42
Михаил Коновалов;(970)923-89-18
Алла Игнатова;(993)395-24-51
Алла Шарапова;(993)832-73-18
Олег Уваров;(943)079-75-33
Юлия Костина;(931)821-08-58
Зинаида Стрелкова;(971)523-25-94
Матвей Романов;(983)486-78-66
Валентин Волков;(985)086-32-92
Ангелина Хохлова;(924)634-78-96
Юрий Ильин;(947)795-54-08
Анжела Галкина;(991)135-75-14
Людмила Полякова;(942)189-26-03
Надежда Щукина;(923)945-35-17
Борис Кулаков;(963)093-19-81
Ольга Юдина;(980)541-69-24
Александр Потапов;(925)853-02-53
Алёна Савельева;(943)655-46-87
Валентин Агафонов;(928)091-87-98
Дарья Анисимова;(995)985-02-10
Егор Афанасьев;(952)414-47-00
Алла Фомина;(991)812-60-95
Лаврентий Тарасов;(906)914-75-77
Никита Исаев;(967)931-81-34
Олег Моисеев;(918)758-09-27
Антон Филиппов;(915)789-32-92
Тамара Горбачева;(957)738-60-42
Антонида Зимина;(903)698-22-06
София Миронова;(922)303-88-90
Вероника Некрасова;(966)962-96-03
Александра Гусева;(927)481-90-43
Николай Зуев;(984)837-05-68
Алла Пономарева;(909)211-96-69
Вячеслав Попов;(974)466-02-45
Маргарита Селиверстова;(976)584-91-01
Никита Медведев;(907)105-78-15
Григорий Баранов;(930)432-33-95
Альберт Кузнецов;(905)201-54-51
Ксения Савельева;(968)927-85-26
Юрий Харитонов;(970)043-15-25
Лариса Владимирова;(969)235-58-04
Николай Зайцев;(957)307-28-07
Евгения Филатова;(964)010-24-14
Марина Савельева;(913)559-44-96
Сергей Крылов;(908)804-50-87
Варвара Лебедева;(970)841-82-92
Арсений Матвеев;(955)286-83-06
Леонид Журавлев;(960)188-75-51
Алла Калашникова;(983)369-37-62
Василиса Маркова;(971)869-19-18
Антон Козлов;(997)643-65-92
Арсений Алексеев;(955)019-01-58
Георгий Смирнов;(905)332-76-92
Макар Зимин;(963)574-71-06
Анатолий Зыков;(971)722-33-47
Игнатий Фокин;(925)396-57-42
Владимир Гришин;(977)761-11-76
Марина Фомина;(923)719-44-32
Матвей Молчанов;(920)074-68-30
Татьяна Овчинникова;(955)223-96-21
Лариса Антонова;(962)446-56-86
Вячеслав Большаков;(916)937-61-76
Алёна Шестакова;(965)466-90-42
Наталья Тетерина;(988)698-39-69
Герман Никифоров;(932)132-80-90
Герман Одинцов;(913)259-21-17
Вячеслав Лыткин;(934)810-95-59
Станислав Моисеев;(945)370-64-62
Вероника Мухина;(996)037-49-73
Макар Зимин;(943)273-07-94
Максим Евдокимов;(906)279-92-82
Наталья Хохлова;(906)824-30-34
Варвара Панфилова;(983)203-99-41
Илья Кошелев;(981)500-94-90
Михаил Сидоров;(974)965-20-91
Леонид Логинов;(933)433-17-04
Арина Боброва;(911)227-55-58
Елена Боброва;(998)623-28-48
Герман Колобов;(903)953-50-30
Дмитрий Афанасьев;(971)204-16-11
Антонина Емельянова;(992)931-21-94
Семён Зыков;(930)077-38-99
Антонида Колобова;(980)937-13-92
Марина Шарова;(925)098-22-63
Константин Артемьев;(975)505-92-31
Валерий Воронцов;(918)373-52-63
Вероника Кондратьева;(901)016-69-40
Анна Ширяева;(988)382-78-81
Зоя Лаврентьева;(943)055-47-00
Дмитрий Князев;(920)963-54-26
Зинаида Мишина;(959)755-76-08
Зоя Пестова;(990)094-88-76
Юрий Третьяков;(905)901-85-27
Степан Новиков;(985)629-45-60
Ульяна Абрамова;(967)119-08-99
Григорий Пономарев;(906)179-32-63
Лаврентий Казаков;(943)396-17-13
Владимир Ершов;(977)589-08-00
Регина Кулагина;(930)842-65-67
Сергей Прохоров;(904)245-23-60
Игнатий Аксенов;(901)300-67-43
София Фомина;(917)160-89-96
Владимир Чернов;(944)688-82-83
Алёна Кудряшова;(902)913-96-32
Станислав Федотов;(934)019-85-04
Егор Евдокимов;(940)479-07-26
Григорий Бобылев;(952)438-89-24
Константин Суханов;(951)369-76-91
Алла Савельева;(934)827-46-11
Виктория Елисеева;(962)302-93-75
Денис Юдин;(951)861-24-55
Анжела Константинова;(988)864-11-64
Виталий Юдин;(958)711-09-96
Александра Дмитриева;(985)806-39-90
Игорь Харитонов;(995)040-06-92
Владимир Костин;(914)727-33-25
Наталья Никифорова;(966)016-12-86
Андрей Жданов;(969)371-63-10
Надежда Воронова;(914)243-81-76
Дмитрий Кудрявцев;(977)090-62-38
Юлия Васильева;(956)586-53-71
Константин Шубин;(971)211-04-42
Валентин Зиновьев;(981)644-26-60
Николай Туров;(997)487-18-52
Ирина Прохорова;(986)345-91-79
Станислав Фокин;(936)120-21-89
Анфиса Чернова;(994)541-91-03
Алексей Сидоров;(935)912-49-95
Алевтина Овчинникова;(964)399-61-31
Владимир Крылов;(986)760-58-88
Римма Веселова;(962)578-94-31
Надежда Мишина;(997)953-46-76
Илья Рябов;(975)958-93-63
Олег Савин;(963)131-41-45
Алла Козлова;(918)080-69-76
Антонина Симонова;(993)173-53-93
Михаил Орлов;(984)398-02-61
Олег Дорофеев;(938)923-40-86
Виктория Вишнякова;(920)549-67-21
Марина Никитина;(995)838-40-12
Любовь Красильникова;(947)546-01-90
Ксения Юдина;(927)196-63-41
Иван Бирюков;(915)526-88-71
Анфиса Шилова;(972)855-63-05
Вера Елисеева;(925)372-66-43
Анжелика Рогова;(921)031-72-71
Юрий Дроздов;(945)088-27-89
Вадим Костин;(975)139-66-29
Светлана Кошелева;(945)930-90-34
Галина Рожкова;(992)843-18-56
Алла Борисова;(992)587-29-17
Алла Ковалева;(990)292-78-40
Герман Красильников;(910)704-40-67
Алевтина Пахомова;(985)391-20-32
Ярослав Лапин;(920)190-77-54
Макар Калашников;(997)106-03-03
Игнатий Пахомов;(964)612-35-69
Ксения Овчинникова;(953)665-01-18
Зоя Исаева;(989)199-17-44
Марина Максимова;(945)920-31-72
Валентина Горбунова;(959)125-01-02
Оксана Пахомова;(949)008-18-52
Даниил Борисов;(929)043-65-30
Ульяна Ширяева;(918)657-06-70
Михаил Кузьмин;(933)875-66-88
Оксана Назарова;(989)926-29-35
Ангелина Васильева;(977)127-53-89
Римма Носова;(901)219-12-14
Михаил Аксенов;(995)790-42-93
Дмитрий Ефимов;(979)334-13-83
Андрей Виноградов;(902)698-45-79
Лука Филатов;(917)084-68-32
Тамара Данилова;(961)214-52-58
Ольга Лыткина;(994)158-16-41
Анна Никифорова;(971)343-05-52
Андрей Наумов;(966)616-40-53
Ксения Большакова;(946)871-21-18
Борис Никонов;(926)616-35-71
Любовь Рогова;(922)393-07-62
Альберт Русаков;(927)291-85-81
Нина Терентьева;(952)485-77-06
Анжелика Захарова;(965)063-98-25
Светлана Архипова;(912)174-80-83
Василий Емельянов;(919)640-00-42
Алина Баранова;(997)489-73-67
Максим Рябов;(922)113-48-49
Елена Филиппова;(991)290-19-18
Андрей Бирюков;(922)182-22-59
Геннадий Агафонов;(974)262-01-41
Макар Исаев;(945)157-94-68
Герман Дроздов;(944)327-81-87
Елизавета Суханова;(971)975-32-90
Вячеслав Федотов;(956)515-80-35
Лука Мясников;(953)578-26-32
Зоя Новикова;(983)127-98-32
Людмила Кудряшова;(965)344-56-27
Андрей Михеев;(950)442-15-91
Александр Комиссаров;(942)844-45-09
Анфиса Петухова;(970)102-65-39
Егор Щербаков;(963)577-93-35
Анатолий Щербаков;(936)296-67-19
Алина Веселова;(979)609-00-87
Анжела Фомичева;(926)656-93-52
Ангелина Щукина;(978)695-53-29
Римма Чернова;(961)510-20-04
Алексей Горшков;(996)698-43-84
Иван Миронов;(983)571-55-15
Жанна Белоусова;(967)223-18-15
Борис Третьяков;(908)414-99-37
Константин Яковлев;(984)169-70-02
Евгения Дорофеева;(959)451-90-51
Лаврентий Кулаков;(984)754-92-21
Юлия Колобова;(948)327-24-17
Михаил Быков;(992)672-33-46
Олег Князев;(934)894-87-45
Василий Данилов;(962)481-89-80
Герман Иванов;(924)051-18-18
Раиса Воробьева;(961)981-54-37
Анжелика Николаева;(906)194-44-14
Альберт Фокин;(930)343-35-49
Даниил Беляев;(929)027-38-21
Людмила Егорова;(961)729-70-78
Валерий Евсеев;(926)341-22-69
Виктор Петухов;(919)835-95-22
Антон Фадеев;(942)993-21-11
Арсений Гаврилов;(946)556-81-04
Семён Рябов;(961)788-12-11
Раиса Кулагина;(923)055-17-08
Виталий Герасимов;(964)746-59-04
Светлана Сысоева;(914)009-97-30
Алла Рыбакова;(936)161-24-74
Раиса Тарасова;(953)684-08-64
Станислав Медведев;(984)897-53-45
Мария Борисова;(976)151-47-33
Герман Смирнов;(969)197-41-19
Вероника Антонова;(953)702-74-94
Тамара Абрамова;(978)080-60-27
Дмитрий Богданов;(935)335-10-24
Екатерина Калашникова;(962)975-94-60
Леонид Журавлев;(998)545-74-87
Наталья Нестерова;(921)585-89-50
Александр Куликов;(943)118-55-37
Ярослав Брагин;(926)284-88-05
Фёдор Петухов;(984)304-27-65
Анастасия Белозерова;(948)724-66-33
Татьяна Гущина;(909)099-33-82
Николай Жуков;(910)103-66-83
Вячеслав Волков;(921)465-76-93
София Бобылева;(924)683-38-65
Евгения Ковалева;(930)299-69-23
Антон Шарапов;(977)477-73-03
Алевтина Щукина;(952)622-30-08
Вадим Галкин;(911)416-08-98
Алла Петрова;(904)660-13-83
Илья Данилов;(928)201-73-97
Валерия Данилова;(917)993-84-54
Леонид Шилов;(963)303-76-48
Ирина Кононова;(910)503-36-61
Лука Селиверстов;(907)354-52-36
Алексей Рябов;(942)208-81-31
Лаврентий Виноградов;(997)428-25-54
Раиса Иванова;(921)158-34-46
Марина Давыдова;(972)712-31-17
Геннадий Беляев;(938)833-24-37
Анфиса Николаева;(904)345-15-48
Валентин Кузьмин;(955)571-26-55
Эдуард Жуков;(950)697-24-82
Жанна Орлова;(910)158-89-46
Алина Евдокимова;(987)293-01-89
София Осипова;(921)927-38-51
Борис Брагин;(965)683-61-70
Клавдия Лебедева;(938)366-31-82
Ульяна Аксенова;(901)824-69-14
Клавдия Романова;(932)659-77-88
Виктор Емельянов;(954)841-53-27
Ярослав Лапин;(947)541-43-53
Ксения Кузнецова;(900)700-50-27
Станислав Маслов;(997)212-30-91
Жанна Пахомова;(997)989-06-30
Эдуард Стрелков;(954)271-59-33
Леонид Соболев;(924)178-30-04
Иван Корнилов;(990)746-17-59
Валентина Маслова;(948)896-80-30
Макар Андреев;(909)629-68-23
Сергей Куликов;(983)456-50-25
Марина Емельянова;(920)595-51-35
Валентина Соболева;(997)502-58-59
Оксана Гурьева;(958)667-63-87
Антон Аксенов;(982)844-06-81
Геннадий Аксенов;(925)846-96-20
Аркадий Федосеев;(906)418-56-17
Константин Носов;(980)437-41-16
Маргарита Сазонова;(957)174-68-48
Маргарита Емельянова;(923)498-66-30
Станислав Колобов;(954)226-26-03
Жанна Третьякова;(929)279-74-69
Клавдия Ковалева;(988)668-39-24
Василиса Блохина;(998)201-31-56
Антонида Быкова;(964)049-85-72
Елена Жукова;(944)630-38-29
Станислав Кузнецов;(905)680-27-82
Наталья Гаврилова;(956)966-07-38
Михаил Петров;(987)299-19-24
Константин Соловьев;(960)504-28-33
Наталья Шарова;(992)855-19-09
Матвей Родионов;(931)106-44-13
Татьяна Ершова;(901)440-22-09
Валерий Копылов;(950)286-23-09
Антон Васильев;(970)865-37-09
Юлия Кабанова;(972)878-28-25
Римма Панфилова;(988)381-09-97
Антон Елисеев;(988)056-24-19
Елена Киселева;(936)513-62-74
Арина Комиссарова;(998)483-33-10
Любовь Гришина;(989)455-03-18
Игорь Колесников;(949)806-63-85
Вероника Елисеева;(961)072-04-60
Таисия Колобова;(999)969-17-18
Герман Дементьев;(916)156-76-34
Денис Федосеев;(989)224-40-47
Арина Прохорова;(947)032-31-36
Людмила Молчанова;(941)857-06-18
Лаврентий Брагин;(985)439-96-38
Роман Емельянов;(985)325-19-72
Антонида Евсеева;(987)395-69-03
Андрей Богданов;(940)938-67-66
Максим Филиппов;(986)371-39-72
Юлия Антонова;(951)590-95-82
Ярослав Кабанов;(944)246-72-01
Любовь Шилова;(991)537-34-08
Ульяна Юдина;(915)306-85-29
Оксана Крюкова;(972)617-72-66
Валерия Калинина;(915)284-07-71
Вадим Князев;(904)411-01-15
Антон Овчинников;(970)814-54-65
Лидия Щербакова;(914)951-94-16
София Мухина;(931)129-80-84
Ангелина Данилова;(925)540-28-75
Алёна Быкова;(939)855-13-35
Никита Дорофеев;(910)046-58-35
Алёна Белоусова;(951)168-54-77
Антонина Волкова;(955)296-18-53
Игорь Орехов;(988)446-66-62
Вероника Князева;(963)999-25-92
Игорь Якушев;(924)467-81-09
Александра Кошелева;(998)399-66-42
Максим Игнатьев;(939)468-72-69
Леонид Кабанов;(968)132-44-61
Даниил Кабанов;(969)284-58-53
Ульяна Титова;(980)600-96-40
Тамара Фокина;(936)957-58-60
Ярослав Тетерин;(989)571-43-86
Геннадий Быков;(974)861-80-03
Олег Суворов;(979)161-03-24
Кира Муравьева;(902)773-35-40
Галина Аксенова;(921)106-67-07
Ольга Абрамова;(925)991-70-74
Георгий Никитин;(906)626-63-59
Фёдор Гордеев;(978)825-04-62
Арсений Блохин;(950)236-81-20
Ольга Суханова;(988)609-51-36
Иван Ефремов;(938)316-83-08
София Кудряшова;(950)022-90-80
Юрий Субботин;(928)832-61-52
Ярослав Лаврентьев;(931)833-93-89
Артём Ковалев;(983)952-46-86
Василиса Куликова;(927)832-10-96
Роман Беспалов;(912)801-71-60
Ярослав Гаврилов;(907)189-20-48
Анжелика Ершова;(955)007-61-45
Илья Зиновьев;(987)978-95-14
Роман Дорофеев;(953)105-08-43
Степан Крюков;(988)861-63-93
Григорий Рыбаков;(995)332-27-46
Ульяна Куликова;(921)498-00-57
Нина Егорова;(992)670-24-35
Ангелина Фадеева;(982)566-55-04
Тамара Селезнева;(929)998-90-06
Регина Зуева;(991)229-17-83
Юрий Ершов;(984)501-75-01
Алевтина Антонова;(942)200-42-29
Виталий Романов;(955)226-51-55
Татьяна Волкова;(954)239-79-72
Зинаида Комарова;(929)017-15-95
Анжелика Стрелкова;(912)098-62-89
Римма Жукова;(944)635-49-62
Артём Белоусов;(971)078-17-17
Альберт Капустин;(952)547-81-19
Герман Дорофеев;(902)478-05-54
Леонид Дмитриев;(993)993-41-82
Вероника Дроздова;(941)789-33-91
Лариса Силина;(948)929-64-53
Станислав Уваров;(930)174-28-43
Иван Капустин;(960)154-74-39
Лука Белов;(967)814-30-44
Кира Копылова;(977)138-25-52
Лидия Одинцова;(977)448-30-43
Владислав Голубев;(904)522-80-98
Дмитрий Павлов;(975)994-82-72
Таисия Бурова;(920)180-28-32
Евгений Елисеев;(994)807-36-89
Евгений Волков;(994)580-61-05
Игнатий Алексеев;(907)446-69-27
Илья Наумов;(984)312-74-66
Анастасия Калинина;(996)117-55-84
Маргарита Колесникова;(908)216-16-57
Василий Карпов;(983)670-11-26
Геннадий Белоусов;(970)479-04-95
Фёдор Крюков;(944)091-31-61
Роман Григорьев;(913)691-18-81
Герман Алексеев;(986)320-56-32
Анжела Логинова;(901)530-80-55
Лидия Данилова;(914)707-74-97
Надежда Карпова;(917)142-87-32
Артём Котов;(995)881-41-44
Егор Шарапов;(927)246-45-78
Варвара Рыбакова;(969)529-29-31
Арсений Михайлов;(943)723-76-12
Виталий Марков;(960)925-93-15
Сергей Игнатьев;(962)728-91-28
Дмитрий Медведев;(960)919-39-20
Раиса Денисова;(995)398-55-89
Василий Поляков;(940)375-83-54
Клавдия Вишнякова;(941)717-72-70
София Турова;(937)790-00-96
Андрей Игнатьев;(974)574-29-07
Ульяна Романова;(957)009-92-73
Валентин Зуев;(961)237-37-81
Валерий Крюков;(962)032-02-96
Константин Блинов;(932)527-64-53
Ангелина Попова;(901)675-65-66
Ярослав Кондратьев;(902)791-60-02
Фёдор Артемьев;(938)641-91-92
Алла Кулагина;(906)126-06-53
Зоя Русакова;(916)482-10-60
Зинаида Сазонова;(958)334-85-93
Клавдия Носкова;(914)457-20-13
Иван Ефремов;(998)338-63-10
Леонид Панфилов;(940)539-29-64
Вячеслав Комиссаров;(990)190-64-41
Надежда Симонова;(923)733-18-00
Аркадий Кузьмин;(913)844-04-31
Раиса Бирюкова;(926)322-85-92
Анастасия Доронина;(967)974-23-04
Николай Александров;(979)952-03-11
Раиса Блохина;(961)571-83-36
Игорь Громов;(974)520-49-17
Владислав Поляков;(958)203-00-79
Ангелина Харитонова;(903)603-71-84
Татьяна Давыдова;(902)739-39-30
Иван Волков;(920)451-93-23
Татьяна Савельева;(995)578-64-79
Валерия Миронова;(904)335-43-88
Кира Ларионова;(985)618-60-91
София Соболева;(924)921-82-32
Жанна Колобова;(998)216-43-13
Егор Данилов;(936)120-91-91
Вадим Исаков;(909)387-18-38
Нина Нестерова;(923)275-62-28
Клавдия Ларионова;(974)372-18-63
Семён Елисеев;(994)628-82-21
Артём Архипов;(940)137-13-32
Ирина Зиновьева;(948)773-33-53
Андрей Орлов;(968)816-09-71
Алевтина Сафонова;(910)459-37-09
Алёна Давыдова;(961)815-11-78
Анфиса Фомина;(914)302-16-34
Борис Орехов;(902)155-63-50
Алина Куликова;(968)540-81-29
Раиса Маслова;(920)024-89-40
Анна Филиппова;(961)145-33-94
Геннадий Соловьев;(947)130-60-68
Юлия Капустина;(952)335-53-64
Анжела Никитина;(941)094-60-47
Ирина Молчанова;(963)694-06-73
Ангелина Артемьева;(967)370-66-21
Денис Горбачев;(939)306-75-55
Елена Боброва;(973)729-89-95
Елизавета Копылова;(929)279-28-23
Валерия Князева;(926)392-86-75
Евгений Гурьев;(994)111-50-20
Валентин Моисеев;(903)680-43-54
Наталья Ефремова;(924)258-76-71
Людмила Кузнецова;(993)820-02-23
Даниил Одинцов;(912)880-95-47
Варвара Ефимова;(982)571-27-39
Ангелина Осипова;(905)065-69-19
София Белоусова;(943)974-36-63
Регина Лыткина;(905)116-27-67
Ольга Рыбакова;(961)839-42-44
Арина Дмитриева;(950)024-44-77
Дмитрий Гуляев;(994)639-25-01
Маргарита Блинова;(914)636-05-64
Константин Семенов;(932)296-93-81
Станислав Терентьев;(981)139-76-98
Вадим Самсонов;(945)395-45-97
Алевтина Виноградова;(940)948-60-68
Константин Исаков;(931)203-22-08
Таисия Федотова;(979)789-43-90
Даниил Дьячков;(955)185-53-24
Раиса Власова;(928)843-06-59
Альберт Гусев;(922)295-43-29
Виктор Буров;(928)573-36-02
Лаврентий Виноградов;(925)006-80-32
Игорь Рыбаков;(916)909-96-55
Валентина Мясникова;(982)070-76-26
Юрий Субботин;(964)902-76-78
Валерий Кулаков;(992)113-25-21
Алевтина Стрелкова;(983)578-43-83
Виталий Поляков;(950)182-55-76
Альберт Макаров;(957)965-58-80
Егор Аксенов;(999)281-19-11
Василиса Хохлова;(967)520-23-50
Роман Николаев;(986)238-20-43
Галина Ефимова;(991)427-74-98
Артём Молчанов;(992)960-49-67
Лариса Носкова;(956)726-61-46
Анастасия Рожкова;(999)628-72-60
Вадим Степанов;(998)399-51-18
Илья Жуков;(924)586-40-78
Сергей Морозов;(957)365-98-53
Елена Шашкова;(911)696-72-36
Владислав Игнатьев;(972)693-66-46
Анна Сазонова;(925)158-18-50
Игорь Андреев;(916)095-99-91
Олег Дементьев;(991)344-98-25
Константин Ширяев;(981)966-55-80
Василиса Тарасова;(913)273-14-46
Игорь Куликов;(970)787-60-11
Владислав Дмитриев;(917)774-79-54
Юрий Мишин;(924)999-39-52
Тамара Афанасьева;(943)896-11-46
Анастасия Родионова;(951)547-27-67
Ирина Якушева;(913)087-73-53
Антонида Ситникова;(984)963-80-25
Ангелина Зуева;(983)797-11-11
Арсений Лапин;(986)810-99-66
Альберт Чернов;(929)971-67-30
Жанна Трофимова;(977)808-15-40
Вадим Ефимов;(959)810-40-11
Артём Дроздов;(937)813-15-09
Галина Попова;(980)947-69-86
Тамара Вишнякова;(933)917-46-99
Матвей Игнатов;(923)498-42-60
Николай Тихонов;(968)145-09-54
Владимир Калашников;(974)181-90-00
Валерий Петухов;(968)991-72-52
Валерий Капустин;(981)642-49-44
Нина Орлова;(953)220-85-64
Валерий Лаврентьев;(959)575-68-64
Константин Беспалов;(961)753-03-32
Илья Ситников;(945)676-39-05
Артём Орехов;(992)600-45-56
Никита Денисов;(970)568-16-33
Роман Кондратьев;(950)612-77-39
Антон Попов;(968)012-11-28
Анатолий Кудряшов;(932)712-67-93
Евгения Мельникова;(901)636-83-95
Борис Дьячков;(970)904-31-63
Екатерина Семенова;(924)064-74-51
Илья Комаров;(934)264-47-04
Лука Абрамов;(932)928-52-65
Фёдор Николаев;(941)807-17-71
Роман Николаев;(993)733-41-52
Валентин Наумов;(951)282-08-01
Лука Назаров;(984)207-89-76
Дмитрий Уваров;(975)123-59-34
Екатерина Рожкова;(900)850-68-25
Денис Селезнев;(927)270-30-98
Евгения Зуева;(904)730-69-45
Зинаида Белякова;(950)871-05-68
Роман Уваров;(980)422-93-39
Юрий Шарапов;(948)169-10-26
Игнатий Фомичев;(946)537-66-40
Антон Григорьев;(985)590-38-36
Артём Куликов;(961)210-07-91
Алёна Красильникова;(901)224-20-83
Вячеслав Силин;(920)401-12-30
Ангелина Некрасова;(930)902-89-34
Геннадий Филатов;(927)613-47-31
Виктория Мельникова;(979)861-29-54
Сергей Веселов;(923)546-31-40
Леонид Баранов;(933)704-09-03
Жанна Комарова;(985)717-54-98
Иван Смирнов;(974)215-10-81
Михаил Цветков;(997)458-33-68
София Некрасова;(935)529-19-73
Вячеслав Филатов;(925)667-25-24
Аркадий Ильин;(979)696-15-59
Дарья Кузнецова;(947)347-88-41
Герман Устинов;(904)785-92-73
Николай Сергеев;(980)010-30-00
Марина Суворова;(984)392-42-39
Клавдия Никитина;(956)984-86-34
Ксения Петрова;(937)464-11-31
Анжела Савина;(965)370-50-94
Жанна Давыдова;(979)787-57-94
Александра Богданова;(979)329-23-60
Михаил Носков;(917)167-68-37
Александра Дементьева;(971)764-45-76
Макар Игнатьев;(991)217-88-24
Вячеслав Носов;(971)233-25-12
Оксана Панова;(962)887-39-24
Жанна Ершова;(913)593-11-95
Зоя Воронцова;(997)846-81-70
Таисия Ефимова;(987)138-13-80
Лука Денисов;(998)764-23-93
Алла Крюкова;(994)728-00-28
Николай Назаров;(913)897-99-31
Евгений Кабанов;(924)626-74-74
Анатолий Жуков;(928)875-69-30
Юрий Уваров;(941)638-70-77
Иван Кузнецов;(972)772-33-23
Альберт Пахомов;(947)879-24-47
Аркадий Ильин;(918)974-51-28
Варвара Ковалева;(982)582-64-20
Вероника Рябова;(921)391-41-78
Ярослав Николаев;(986)801-27-58
Герман Панфилов;(978)863-45-21
Юрий Фомичев;(917)571-78-07
Евгения Шестакова;(919)632-49-37
Римма Мельникова;(976)621-26-38
Игорь Дьячков;(966)595-66-12
Нина Кулакова;(983)363-45-41
Вячеслав Рыбаков;(982)715-74-03
Ангелина Гуляева;(962)926-30-95
Семён Михеев;(917)304-00-69
Василиса Рябова;(915)085-03-30
Валентина Кузнецова;(903)459-74-57
Жанна Моисеева;(967)392-19-51
Леонид Зуев;(993)011-78-43
Виталий Фомичев;(918)320-06-49
София Дорофеева;(985)923-27-82
Наталья Зыкова;(915)665-31-47
Наталья Гордеева;(918)065-00-08
Арсений Крылов;(964)325-49-40
Василий Кудряшов;(999)198-84-34
Егор Нестеров;(993)527-16-94
Николай Макаров;(927)647-86-52
Марина Воробьева;(947)246-01-48
Игорь Воробьев;(967)289-91-88
Егор Медведев;(982)424-62-00
Григорий Терентьев;(954)555-18-74
Раиса Сорокина;(940)649-18-99
Раиса Устинова;(930)931-15-26
Екатерина Горбунова;(991)088-60-00
Анжела Гурьева;(938)167-94-03
Игорь Некрасов;(953)167-14-84
Григорий Русаков;(942)932-34-79
Евгения Егорова;(989)798-14-20
Антон Тимофеев;(975)905-69-92
Екатерина Фокина;(925)559-16-44
Регина Гурьева;(984)172-98-07
Степан Селиверстов;(913)372-51-52
Римма Гурьева;(993)668-03-78
Лаврентий Воробьев;(901)893-17-59
Светлана Баранова;(927)467-07-21
Алёна Боброва;(965)265-63-16
Максим Игнатов;(996)196-57-67
Кира Елисеева;(985)349-42-98
Валентин Алексеев;(919)120-88-53
Илья Орехов;(915)115-70-69
Николай Ситников;(920)612-39-56
Кира Абрамова;(922)568-30-90
Светлана Кудрявцева;(915)046-19-16
Лидия Гаврилова;(921)761-05-89
Мария Герасимова;(968)248-69-29
Клавдия Мамонтова;(930)331-84-23
Григорий Евдокимов;(905)092-61-98
Александр Васильев;(929)764-69-21
Ульяна Казакова;(965)533-48-55
Анна Ларионова;(923)556-65-90
Регина Крюкова;(993)947-79-21
Анна Терентьева;(947)527-46-32
Ксения Кулагина;(924)748-62-11
Зоя Соловьева;(906)156-66-52
Роман Родионов;(995)724-06-42
Елена Михеева;(965)731-20-54
Кира Белоусова;(982)287-01-18
Светлана Маслова;(928)945-90-04
Ярослав Терентьев;(940)904-32-48
Владимир Абрамов;(974)141-81-07
Олег Тихонов;(947)396-86-83
Вадим Федотов;(965)201-17-23
Игорь Морозов;(990)949-49-80
Сергей Беспалов;(965)972-27-71
Станислав Ильин;(920)674-79-01
Ирина Шарапова;(988)346-77-48
Дмитрий Медведев;(938)329-96-20
Матвей Петров;(943)730-58-68
Егор Гуляев;(999)262-07-20
Зоя Маслова;(969)596-41-27
Анастасия Давыдова;(925)467-08-52
Олег Дроздов;(993)468-00-03
Людмила Куликова;(997)954-42-34
Виктория Власова;(908)558-92-16
Ксения Силина;(927)819-18-59
Таисия Анисимова;(959)016-06-49
Сергей Блохин;(973)419-99-00
Денис Алексеев;(978)065-47-17
Александра Савельева;(933)999-30-98
Кира Наумова;(996)219-82-66
Никита Туров;(959)495-44-45
Ксения Петрова;(942)955-48-54
Валерий Герасимов;(983)824-79-92
Алевтина Блинова;(905)620-41-61
Игнатий Блохин;(978)724-29-96
Таисия Елисеева;(996)818-65-84
Александр Щербаков;(944)264-11-00
Даниил Фомин;(972)662-55-61
Екатерина Галкина;(920)814-89-65
Тамара Крылова;(907)774-97-42
Антонина Самсонова;(956)651-53-99
Анастасия Максимова;(961)298-85-46
Зинаида Журавлева;(996)492-08-26
Алёна Большакова;(964)123-35-63
Екатерина Максимова;(902)809-88-61
Людмила Новикова;(945)953-50-64
Мария Дроздова;(978)072-33-86
Вадим Уваров;(924)225-00-39
Егор Лапин;(956)620-82-05
Ксения Тимофеева;(936)565-68-32
Клавдия Беляева;(918)244-94-63
Сергей Игнатов;(916)188-07-38
Екатерина Белозерова;(931)262-96-95
Фёдор Тарасов;(960)793-53-07
Светлана Кузьмина;(925)003-01-44
Вероника Гришина;(911)290-90-18
Василиса Галкина;(981)176-98-59
Лариса Филатова;(974)797-39-93
Никита Бирюков;(928)399-49-21
Георгий Тимофеев;(904)372-71-43
Валерий Веселов;(905)291-93-38
Анжела Юдина;(995)009-19-95
Денис Киселев;(987)064-04-45
Николай Кулагин;(902)289-62-74
Юлия Гордеева;(920)600-03-29
Максим Архипов;(945)822-53-11
Ксения Нестерова;(980)939-24-86
Оксана Белякова;(954)751-94-51
Фёдор Воронцов;(901)971-28-58
Римма Бирюкова;(957)753-23-53
Светлана Селиверстова;(927)464-58-48
Наталья Лыткина;(994)505-71-96
Виктор Данилов;(970)989-12-87
Георгий Мясников;(951)934-28-03
Лаврентий Сидоров;(958)719-99-17
Анна Суворова;(953)674-79-26
Андрей Самсонов;(917)645-47-55
Валентина Попова;(903)986-27-78
Денис Медведев;(945)865-14-98
София Ефремова;(964)052-41-56
Альберт Лыткин;(955)501-91-70
Анжелика Федосеева;(948)916-32-80
Юрий Моисеев;(921)414-23-02
Ярослав Воробьев;(930)720-40-16
Раиса Ширяева;(958)593-90-25
Василий Григорьев;(997)806-35-73
Олег Ширяев;(929)881-29-75
Виктория Фокина;(941)057-84-96
Клавдия Осипова;(938)611-11-45
Клавдия Лыткина;(998)013-29-85
Роман Лебедев;(905)847-07-16
Григорий Смирнов;(981)061-22-40
Анжелика Коновалова;(916)246-73-15
Степан Куликов;(916)779-10-55
